<?xml version="1.0" encoding="UTF-8"?>
<project-private xmlns="http://www.netbeans.org/ns/project-private/1">
    <editor-bookmarks xmlns="http://www.netbeans.org/ns/editor-bookmarks/2" lastBookmarkId="0"/>
    <open-files xmlns="http://www.netbeans.org/ns/projectui-open-files/2">
        <group>
            <file>file:/H:/Programming/Java/jgame/UndirectedGraph/src/valuepacks/Vector.java</file>
            <file>file:/H:/Programming/Java/jgame/UndirectedGraph/src/undirectedgraph/UndirectedGraph.java</file>
            <file>file:/H:/Programming/Java/jgame/UndirectedGraph/src/undirectedgraph/UGEdge.java</file>
            <file>file:/H:/Programming/Java/jgame/UndirectedGraph/src/undirectedgraph/main.java</file>
            <file>file:/H:/Programming/Java/jgame/UndirectedGraph/src/undirectedgraph/UGNodeInterface.java</file>
            <file>file:/H:/Programming/Java/jgame/UndirectedGraph/src/MinSpantree/MinSpanTree.java</file>
            <file>file:/H:/Programming/Java/jgame/UndirectedGraph/src/undirectedgraph/UGNode.java</file>
            <file>file:/H:/Programming/Java/jgame/UndirectedGraph/src/MinSpantree/MSNode.java</file>
        </group>
    </open-files>
</project-private>
