<?xml version="1.0" encoding="UTF-8"?>
<project-private xmlns="http://www.netbeans.org/ns/project-private/1">
    <editor-bookmarks xmlns="http://www.netbeans.org/ns/editor-bookmarks/2" lastBookmarkId="0"/>
    <open-files xmlns="http://www.netbeans.org/ns/projectui-open-files/2">
        <group>
            <file>file:/H:/Programming/Java/jgame/jgame/src/jgame/CanvasTest.java</file>
            <file>file:/H:/Programming/Java/jgame/jgame/src/jgame/Drawer.java</file>
            <file>file:/H:/Programming/Java/jgame/jgame/src/jgame/Vector2.java</file>
            <file>file:/H:/Programming/Java/jgame/jgame/src/jgame/Game.java</file>
            <file>file:/H:/Programming/Java/jgame/jgame/src/jgame/DrawCallback.java</file>
            <file>file:/H:/Programming/Java/jgame/jgame/src/jgame/GameGraphics.java</file>
        </group>
    </open-files>
</project-private>
